Date,HDB,INFY,MMYT,RDY,REDFY,TTM,VEDL,WIT,WNS,V1,V2,V3,V4,V5,V6,V7,V8,V9
3/23/2018,97.98,18.05,33.95,32.49,0.18,25.56,17.32,5.26,48.26,"5,78,053","62,11,111","2,91,898","1,83,964",0,"19,83,247","6,64,452","18,64,337","3,49,167"
3/22/2018,99.26,17.96,35.55,32.79,0.18,25.8501,18.19,5.19,48,"9,20,410","63,94,041","3,20,316","1,93,505","8,300","13,27,976","7,73,723","36,79,212","2,14,903"
3/21/2018,98.36,18.245,35.4,33.37,0.2,25.9,19.39,5.305,48.25,"4,53,393","58,60,128","2,71,930","2,07,680","3,721","17,29,745","6,58,983","18,80,412","3,28,139"
3/20/2018,97.55,18.25,35.45,33.51,0.18,26.06,19.3,5.37,47.35,"4,86,032","58,57,033","1,27,882","2,56,379",100,"18,60,600","3,18,369","54,03,225","1,86,213"
3/19/2018,97.84,18.04,35.15,33.17,0.18,26.15,19.19,5.53,46.73,"5,72,692","57,86,147","1,58,417","2,61,251",274,"18,98,359","3,68,529","30,03,036","1,24,500"
3/16/2018,99.39,18.41,36.15,33.7,0.2,26.51,19.44,5.725,46.56,"8,29,921","49,09,019","2,51,956","3,76,483","1,253","24,89,354","7,58,727","17,70,298","1,98,815"
3/15/2018,100.11,18.48,36.45,34.27,0.2,27.43,19.55,5.72,46.69,"5,87,845","31,84,790","3,64,394","2,46,444","4,610","10,63,648","3,12,013","17,75,871","1,14,982"
3/14/2018,98.88,18.49,36.8,34.2,0.28,27.59,19.86,5.8,46.53,"6,37,953","25,60,145","4,60,440","2,62,741","2,360","12,04,277","2,93,113","18,77,625","2,12,607"
3/13/2018,98.87,18.54,36.75,34.18,0.3,27.43,20.29,5.9,46.13,"7,22,321","28,19,320","8,88,285","2,93,384","2,700","14,61,699","5,15,784","17,04,474","1,73,975"
03-12-2018,97.98,18.49,36,33.72,0.18,27.4,19.66,5.79,46.12,"3,94,303","58,23,294","5,22,050","1,87,169","16,147","17,35,673","4,34,436","18,10,554","1,32,711"
03-09-2018,96.56,18.25,34.65,33.64,0.292,26.895,19.27,5.48,46.11,"8,08,973","49,36,984","4,46,433","2,64,185","1,200","14,42,680","5,14,556","5,27,033","1,76,248"
03-08-2018,96.14,18.05,34.65,33.55,0.3,26.8,19.1,5.5,45.99,"9,58,626","39,16,414","2,12,869","2,95,374","10,740","12,59,107","7,41,141","6,07,914","1,45,892"
03-07-2018,96.9,17.95,34.35,33.705,0.3,27.06,19.295,5.52,46.21,"9,78,528","28,87,499","3,41,886","2,54,498","1,426","10,83,578","6,48,639","6,41,007","2,34,100"
03-06-2018,97.65,18.105,35.35,33.96,0.3,27.24,19.67,5.54,45.16,"5,30,691","62,34,611","5,36,188","3,58,339","17,069","15,51,091","8,59,889","8,21,947","1,14,478"
03-05-2018,97.93,18.03,34.45,33.99,0.309,27.33,19.7,5.51,45.1,"7,21,761","42,80,298","5,22,872","1,96,529","24,800","19,09,507","1,67,395","4,84,751","1,65,095"
03-02-2018,98.63,17.79,32.975,34.2,0.249,28,19.78,5.44,45.165,"4,65,108","33,10,427","4,15,042","1,21,711","8,031","12,44,269","4,37,108","5,23,576","1,16,414"
03-01-2018,98.09,17.79,31.5,34.42,0.293,28.53,20.12,5.53,45.548,"6,02,845","52,27,418","3,21,146","1,71,071","36,632","12,11,274","3,74,171","12,25,259","1,18,979"
2/28/2018,98.93,17.97,31.725,34.42,0.2,28.36,20.59,5.55,45.74,"4,26,033","85,36,881","3,41,361","2,34,245","18,051","6,79,719","4,61,081","12,65,427","1,75,053"
2/27/2018,99.8,17.77,31.65,34.84,0.17,28.9,21.11,5.52,45.72,"4,01,545","47,21,161","4,91,934","3,18,075","5,410","11,02,897","3,71,893","10,04,488","1,37,240"
2/26/2018,101.15,17.87,30.325,34.15,0.17,29.11,21.26,5.54,46,"6,51,403","35,66,204","3,15,437","2,88,821","5,957","20,02,668","3,07,660","7,15,928","2,04,464"
2/23/2018,99.49,17.96,30.25,33.85,0.194,28.17,20.96,5.535,46.07,"6,01,456","37,03,350","2,04,338","3,04,256",0,"12,05,127","2,86,202","5,73,824","3,29,408"
2/22/2018,98.13,17.91,30.1,33.3,0.194,27.79,20.5,5.51,45.37,"6,06,828","41,67,262","3,26,140","4,37,127","2,000","17,97,478","4,94,410","11,38,637","5,43,865"
2/21/2018,99.35,18,30.15,34.02,0.155,28.32,20.63,5.57,43.87,"6,53,136","40,71,928","3,84,849","2,34,153",500,"15,32,907","7,65,509","9,45,577","2,55,481"
2/20/2018,100.12,17.72,29.4,34.31,0.15,28.76,20.58,5.6,43.565,"4,89,014","33,77,097","2,46,395","4,41,539","2,825","11,21,394","5,10,699","7,69,057","1,45,714"
2/16/2018,101.23,17.7,28.95,34.9611,0.164,29.07,20.27,5.58,43.1,"4,36,637","28,88,880","4,84,115","1,48,748","2,008","7,82,552","5,92,451","12,72,667","74,834"
2/15/2018,102.44,17.695,28.825,34.85,0.2,29.39,20.55,5.55,43.2945,"5,67,927","50,74,104","5,11,497","1,98,473","11,000","7,09,394","3,24,496","6,83,714","81,964"
2/14/2018,102.555,17.57,29,34.75,0.21,29.38,20.21,5.49,42.45,"5,43,452","65,43,447","4,02,843","1,55,323",500,"10,33,174","6,07,393","14,15,682","1,14,736"
2/13/2018,101.81,17.59,29.9,34.2,0.154,28.7898,19.77,5.38,42.4,"3,69,775","46,66,717","2,61,059","2,27,608","6,900","6,01,509","5,09,289","19,82,199","82,220"
02-12-2018,102.24,17.72,30.5,34.43,0.145,28.88,19.73,5.4,42.42,"5,47,585","90,96,883","4,76,586","2,24,004",250,"11,87,914","7,23,465","36,17,637","1,53,977"
02-09-2018,99.66,17.545,33.55,34.35,0.21,28.5862,19.65,5.25,42.112,"6,90,765","1,24,26,780","5,62,193","3,74,070",100,"18,92,845","13,77,720","26,30,387","1,87,556"
02-08-2018,101.7,17.73,34.45,34.2,0.135,29.12,19.67,5.25,41.99,"7,86,961","51,39,412","9,90,654","4,55,166",300,"18,79,226","5,55,288","16,40,919","3,08,695"
02-07-2018,101.71,17.75,31.2,33.52,0.185,29.67,19.93,5.31,42.2,"7,83,246","47,47,025","4,75,663","4,37,570","15,525","15,14,593","8,96,034","21,33,115","1,97,465"
02-06-2018,101.23,17.54,30.75,33.27,0.21,29.39,20.77,5.38,43.045,"16,04,378","65,51,115","4,76,971","4,52,008","1,460","22,80,296","8,49,729","15,22,897","2,61,818"
02-05-2018,103,17.88,31.05,33.17,0.1939,30.48,20.94,5.48,43.66,"11,26,944","67,41,236","4,79,626","2,99,313","5,800","21,40,879","10,38,916","21,58,288","1,85,936"
02-02-2018,106.4,17.955,31.319,33.16,0.22,30.13,21,5.5,44.3,"10,87,150","76,40,060","6,37,259","3,01,797","12,163","18,71,337","4,93,917","16,54,006","1,86,768"
02-01-2018,110.16,18.09,31.65,34.15,0.17,30.89,21.67,5.51,44.48,"6,93,028","54,39,319","4,18,850","4,85,503","42,800","11,05,529","3,63,497","17,10,280","2,06,623"
1/31/2018,110.77,18.26,31.2,35.23,0.165,31.36,21.87,5.54,45.17,"9,84,632","95,69,276","2,28,046","4,44,264","36,950","14,81,423","2,92,867","15,87,370","1,33,744"
1/30/2018,108.85,18.37,31.4,35.99,0.17,31.13,21.535,5.51,44.82,"4,22,453","62,94,747","2,87,060","4,17,424","24,848","12,65,468","5,05,148","26,09,193","1,92,647"
1/29/2018,109.68,18.67,31.45,37.09,0.17,31.46,21.89,5.59,44.575,"7,05,328","62,70,374","2,61,109","5,96,510","36,450","10,73,636","5,53,215","17,49,893","1,16,697"
1/26/2018,109.24,18.55,31.7,39.125,0.17,31.37,21.93,5.645,44.78,"5,55,867","37,71,393","1,90,196","6,04,660","11,424","11,78,713","5,71,075","16,02,375","1,09,363"
1/25/2018,107.24,18.54,31.35,39,0.25,31.78,21.99,5.58,44.87,"8,26,957","48,99,074","2,95,784","14,08,409","7,275","26,78,851","7,10,681","12,70,751","1,99,733"
1/24/2018,108.47,18.71,31.8,39.96,0.125,31.88,21.71,5.51,44.905,"5,52,431","79,16,739","2,23,991","5,51,716","37,260","22,39,017","7,17,725","19,42,614","2,59,370"
1/23/2018,107.46,18.58,31.25,39.59,0.1,32.89,21.71,5.44,45.41,"6,16,535","60,04,466","2,78,551","1,88,801","94,408","20,51,942","9,33,242","9,20,103","2,66,694"
1/22/2018,108.41,18.31,32.3,39.14,0.081,33.24,20.81,5.54,44.82,"12,95,864","96,41,401","2,65,282","1,64,267","1,427","15,05,179","5,56,761","45,87,698","4,64,923"
1/19/2018,107.48,18.01,32,38.95,0.1,33.21,21.02,5.88,45.125,"5,90,716","38,08,242","2,43,257","2,30,858","84,146","11,58,274","3,51,549","12,31,126","3,13,415"
1/18/2018,106.58,18.19,31.45,38.61,0.085,32.815,20.68,5.88,46,"6,79,712","87,16,582","90,504","2,89,686","46,655","21,82,126","6,39,006","7,81,303","6,47,970"
1/17/2018,105.14,18.25,32.4,39.06,0.067,33.24,21.2,5.94,43.18,"9,55,796","1,27,93,010","1,25,617","1,89,032","8,605","9,57,006","4,38,095","14,17,436","3,87,597"
1/16/2018,104.59,18.24,32.9,38.61,0.0611,33.285,20.99,5.99,41.93,"8,71,426","1,71,37,270","2,55,907","1,99,679","1,450","22,11,596","6,28,388","18,68,035","1,91,875"
01-12-2018,102.59,17.0999,32.35,38.47,0.0611,34.35,21.685,5.74,41.58,"4,34,389","88,07,002","1,53,559","1,74,182",0,"9,20,403","4,28,162","6,54,652","1,53,802"
01-11-2018,101.53,17.37,32.3,38.15,0.0666,34.34,21.42,5.76,41.62,"4,30,027","1,75,86,280","1,64,169","1,37,283",450,"11,75,551","5,33,047","7,13,343","1,18,259"
01-10-2018,102.39,17.15,32.2,37.99,0.0611,33.91,21.24,5.81,41.0425,"4,16,474","82,26,205","1,91,552","2,54,106",0,"8,62,855","3,83,142","8,06,878","1,42,807"
01-09-2018,102.11,16.76,32.65,38.37,0.0611,34.35,21.53,5.7,41.7,"8,19,604","64,62,247","2,89,510","2,78,020","1,083","13,25,067","5,20,790","6,75,125","3,74,348"
01-08-2018,101.28,16.52,31.6,38.95,0.0611,34.09,21.69,5.69,40.945,"4,35,739","55,99,147","2,25,577","3,00,752",0,"19,85,433","6,15,633","9,70,308","1,95,403"
01-05-2018,101.82,16.38,30.75,38.91,0.0611,33.97,21.67,5.68,40.29,"9,48,918","49,05,733","2,16,869","2,83,631",0,"13,80,342","5,51,377","12,10,067","6,56,955"
01-04-2018,102.3,16.2,30.8,38.08,0.07,33.81,21.88,5.73,39.58,"4,11,097","81,36,004","4,25,812","1,98,614","4,479","11,54,555","6,59,288","16,10,444","6,40,553"
01-03-2018,101.99,16.27,31.445,37.44,0.0848,33.965,21.45,5.705,40.0674,"5,13,162","51,25,449","2,98,229","3,61,780","8,950","22,36,922","4,40,776","15,08,021","3,13,987"
01-02-2018,102.77,16.39,31.3,38.22,0.0848,34.4,21.14,5.71,40.47,"4,03,524","61,49,106","3,38,831","2,29,347","8,150","15,03,414","6,58,415","16,76,436","1,29,259"
12/29/2017,101.98,16.37,30,37.79,0.0616,33.57,20.97,5.5,40.96,"3,96,941","35,51,855","2,06,952","3,54,413","55,700","15,36,786","3,14,452","5,12,499","52,748"
12/28/2017,101.08,16.3,30.1,37.55,0.0713,32.53,21.16,5.483,40.46,"2,84,858","26,58,085","1,29,734","3,77,082","15,545","6,73,098","4,89,313","11,10,932","1,39,415"
12/27/2017,100.29,16.23,30.3,37.25,0.0709,32.79,20.54,5.5,40.9,"6,01,848","46,61,298","2,15,303","1,86,603","8,520","4,88,390","3,65,157","4,20,564","75,800"
12/26/2017,100.75,16.27,30.05,36.85,0.0727,33.03,20.42,5.519,40.65,"2,38,110","20,49,831","1,35,622","85,472","2,15,468","5,56,017","2,45,271","2,45,866","50,533"
12/22/2017,101.26,16.37,30.05,36.35,0.0945,32.88,20.05,5.59,41.145,"3,33,662","38,26,714","91,377","92,321","20,900","5,70,712","3,02,182","9,85,443","1,36,288"
12/21/2017,100.34,16.225,30.05,37.21,0.0504,32.89,20.09,5.62,41.08,"6,08,439","43,64,103","2,71,193","1,08,603","3,785","6,31,221","4,98,002","7,82,855","91,549"
12/20/2017,100.49,16.08,29.85,36.99,0.0726,32.74,19.99,5.61,41.33,"5,24,628","33,46,446","2,58,930","1,69,958","10,002","7,78,916","3,59,789","7,69,678","2,42,642"
12/19/2017,100.48,16.05,30.05,37.51,0.0503,32.82,19.89,5.62,41.07,"5,45,499","25,54,590","1,22,756","2,95,598","20,675","13,45,145","4,55,871","24,17,589","2,03,670"
12/18/2017,99.46,16.08,30.3,37.71,0.0735,31.705,19.46,5.55,41.13,"3,47,073","37,54,121","3,75,988","1,99,036","11,560","7,86,679","4,75,793","21,11,532","1,58,974"
12/15/2017,98.6958,16.13,30.65,37.56,0.0735,31.6,18.89,5.39,40.95,"5,86,304","47,98,503","3,62,448","5,92,398","33,079","9,24,502","11,13,383","34,32,044","4,69,195"
12/14/2017,98.385,16,30.75,37.06,0.0606,31.65,18.15,5.4,40.77,"6,13,778","46,35,798","2,45,149","6,32,489","8,421","7,52,202","4,56,207","11,84,497","1,29,427"
12/13/2017,97.27,16.07,30.138,36.35,0.06,31.35,17.96,5.37,41.245,"5,95,196","58,06,769","3,50,313","6,68,804","10,940","8,14,087","6,38,154","12,66,824","1,16,060"
12-12-2017,97.44,15.955,30,35.52,0.0504,31.55,18.29,5.32,40.9,"14,47,815","50,89,141","1,84,859","4,35,307","1,170","7,74,334","3,43,051","8,45,681","2,22,598"
12-11-2017,97.08,15.87,29.5,34.68,0.0548,31.89,18.26,5.38,40.86,"7,08,896","31,78,236","2,07,770","4,53,904","2,628","11,31,995","3,76,473","9,37,073","1,46,495"
12-08-2017,96.48,15.7201,29.7,34.27,0.0502,31.73,18.21,5.24,41.35,"2,65,592","30,51,929","2,88,680","2,47,100","3,622","9,48,237","2,87,076","6,10,269","1,95,247"
12-07-2017,95.435,15.725,29.05,34.32,0.0726,31.2,17.84,5.18,41.1,"3,96,349","29,80,368","1,32,644","1,93,240","10,637","9,14,626","5,14,938","4,36,434","4,01,795"
12-06-2017,94.78,15.69,29.2,34.38,0.095,30.74,17.6,5.17,41.46,"4,95,888","41,61,775","1,72,231","2,03,064","23,400","9,26,214","4,40,387","7,06,939","1,60,203"
12-05-2017,94.98,15.75,30,34.61,0.05,31.23,17.86,5.2,41.17,"3,47,135","56,26,636","3,55,593","95,287","1,338","5,40,347","4,64,228","18,94,061","58,779"
12-04-2017,96.4,15.76,29,35.09,0.0668,31.42,18.02,5.2,41.475,"8,35,416","70,42,971","5,08,811","2,15,709","15,350","9,59,493","6,00,956","10,10,878","1,93,286"
12-01-2017,96.91,15.4,30.2,34.88,0.09,31,17.79,5.34,41.41,"6,37,839","55,31,518","2,91,924","2,25,320","7,323","9,63,432","7,64,425","23,64,049","1,30,741"
11/30/2017,98,15.62,30.9,35.9,0.07,31.39,18.37,5.4,41.88,"4,72,538","50,45,113","6,91,918","4,78,255","11,415","12,70,386","5,21,223","36,12,590","1,10,808"
11/29/2017,98.81,15.57,29.8,35.78,0.0571,31.92,18.5439,5.47,42.36,"3,11,403","26,36,997","3,45,928","3,06,371","16,396","13,17,438","3,64,498","17,41,969","2,15,995"
11/28/2017,98.38,15.705,29.1,35.66,0.062,32.29,18.88,5.35,41.51,"4,08,725","38,38,481","2,42,765","1,65,965","2,600","6,92,794","1,98,540","10,62,729","89,705"
11/27/2017,98.35,15.61,29.05,35.67,0.0571,32.5,19.07,5.32,41.73,"3,85,515","50,65,038","3,31,294","2,64,378","7,150","9,72,508","2,63,054","10,80,110","1,07,469"
11/24/2017,98.58,15.715,28.9,35.76,0.0571,32.92,19.14,5.31,41.66,"1,85,785","67,27,760","2,13,570","1,13,502",950,"5,04,454","1,61,232","3,65,761","73,022"
11/22/2017,98.19,15.22,29.1,36.43,0.0571,32.99,19.18,5.3,41.48,"4,50,890","17,42,509","3,54,446","3,46,639",638,"6,17,698","2,38,708","8,69,953","1,77,846"
11/21/2017,97.69,15.225,28,37.2,0.0571,32.81,19.48,5.34,40.71,"3,28,980","30,95,969","2,10,473","2,18,936","3,050","6,01,697","3,37,186","13,64,502","1,75,492"
11/20/2017,96.62,15.15,27.8333,35.35,0.0571,32.5,19.3,5.35,41.01,"5,52,616","20,87,293","3,51,412","3,47,233",600,"6,70,426","4,87,869","18,08,881","1,57,276"
11/17/2017,97.33,15.22,28.3,36.12,0.0614,32.65,19.01,5.3,40.89,"4,44,033","32,14,438","3,25,479","1,62,634",0,"12,05,655","3,44,368","11,51,934","1,72,849"
11/16/2017,94.95,15.39,27.725,35.98,0.0617,31.98,18.58,5.3,40.5,"3,82,847","59,50,153","8,65,547","3,12,571","34,108","9,89,183","4,14,501","20,33,884","1,61,647"
11/15/2017,94.2,14.96,25.65,36.13,0.057,31.48,18.165,5.135,40.12,"4,88,917","20,88,980","2,58,185","3,21,883","6,100","14,13,768","8,06,379","11,18,108","1,06,752"
11/14/2017,93.38,14.96,26.2,35.5,0.07,31.65,18.93,5.18,40.38,"4,22,130","46,52,058","3,36,181","1,64,560",225,"15,00,820","5,45,871","18,71,768","1,25,490"
11/13/2017,93.74,14.9,26.9,35.63,0.0611,31.99,19.37,5.1,39.97,"3,46,357","29,19,428","3,45,845","3,09,523","3,233","10,96,373","4,04,350","20,84,305","1,15,004"
11-10-2017,95.295,15.03,27.25,35.75,0.061,32.44,20.01,5.0858,40.27,"3,93,231","38,42,967","2,29,272","2,75,993",0,"23,91,320","2,59,543","8,60,464","1,23,483"
11-09-2017,95.98,14.99,27.3,36.27,0.061,33.56,20.04,5.13,40.01,"3,69,017","46,05,656","2,93,182","3,51,823",0,"30,31,178","4,17,660","14,81,764","1,70,485"
11-08-2017,96.12,14.97,27.3,36.335,0.0668,33.78,20.18,5.11,39.755,"5,46,814","29,99,752","3,65,816","3,83,239","4,910","29,54,447","4,52,336","20,41,924","1,30,406"
11-07-2017,94.98,15.09,27.65,36.395,0.0707,34.37,20.86,5.26,39.74,"5,37,592","46,77,605","4,40,765","3,07,332","17,300","46,23,432","2,60,413","30,92,579","1,18,091"
11-06-2017,95.89,14.88,27.8457,36.86,0.1006,35.47,21.27,5.23,41.82,"3,74,155","26,28,031","4,62,711","1,76,759","7,000","35,04,694","2,78,351","13,86,049","6,77,804"
11-03-2017,95.12,14.72,27.7,37.23,0.0995,33.96,21.15,5.205,39.74,"2,83,154","23,47,300","8,43,448","4,25,297","30,300","27,31,165","2,14,608","17,32,254","3,15,168"
11-02-2017,95.18,14.73,27.45,37.65,0.0994,33.3,21.48,5.25,39.21,"6,20,316","31,64,925","6,83,397","7,84,816","5,710","16,16,820","2,41,599","12,19,202","1,49,548"
11-01-2017,94.44,14.94,27.25,35.87,0.0521,33.66,21.63,5.37,38.73,"6,33,539","48,56,597","21,01,251","4,09,087","1,300","21,26,029","3,45,977","14,50,224","2,25,610"
10/31/2017,92.99,14.95,27.55,37.4,0.07,32.95,20.75,5.38,38.59,"7,86,944","70,04,924","13,48,798","7,82,068","26,050","11,56,256","9,43,345","10,92,210","1,61,064"
10/30/2017,92.83,15.01,26.2,37.22,0.0758,33.45,21.16,5.27,38.3,"9,23,138","60,66,893","20,59,219","6,74,038","19,221","17,08,158","3,74,763","16,88,775","2,63,684"
10/27/2017,92,15.08,23.9,36.3,0.0575,32.8241,21.02,5.21,38.05,"14,33,590","74,65,044","8,06,870","4,37,248","2,800","8,60,394","3,54,341","36,29,914","2,61,053"
10/26/2017,92.86,15.09,23.75,36.09,0.0545,32.41,21.38,5.3,36.965,"11,02,297","66,69,095","5,29,211","2,07,547","6,000","6,69,582","4,14,161","19,84,837","2,13,004"
10/25/2017,93.48,15.04,25.095,36.34,0.0699,32.4,20.7,5.379,37.145,"18,55,910","82,82,590","3,43,745","1,65,224","50,451","7,32,503","3,44,210","22,86,175","92,216"
10/24/2017,95.45,14.56,25.2875,36.69,0.08,32.23,20.71,5.45,37.66,"9,80,651","1,17,64,500","4,78,488","1,72,561","77,300","8,99,830","3,13,395","18,64,194","80,218"
10/23/2017,96.5,14.97,25.15,36.38,0.1,32.51,20.39,5.48,37.98,"6,26,048","95,44,174","3,06,487","1,18,792","39,309","9,45,064","3,45,885","7,36,938","89,586"
10/20/2017,96.34,14.745,25.3,36.8,0.087,33.05,20.27,5.48,38.24,"5,59,881","59,83,709","5,51,563","1,28,883","7,877","7,45,164","2,21,162","7,90,898","65,803"
10/19/2017,95.655,14.74,25.5,36.4899,0.07,33.13,20.17,5.38,37.73,"5,33,430","26,97,367","5,18,957","1,14,025",0,"8,51,872","2,77,557","17,88,128","1,56,358"
10/18/2017,96.39,14.6,26,36.57,0.07,33.02,20.43,5.49,37.8199,"9,69,993","39,02,365","2,71,880","3,82,010","1,269","8,83,557","3,28,368","18,17,071","69,417"
10/17/2017,96.67,14.64,26.925,36.61,0.073,32.96,20.52,5.51,37.62,"8,96,607","75,57,081","4,27,918","1,43,560","5,625","12,52,905","4,11,081","31,62,048","1,79,432"
10/16/2017,99.29,14.85,26.5,36.86,0.1144,33.5,20.96,5.55,38.12,"8,48,426","58,91,183","11,15,915","1,99,999","1,54,398","14,12,654","4,43,787","13,65,992","1,53,779"
10/13/2017,98.85,14.76,26.45,36.18,0.1113,33,20.12,5.63,37.73,"10,38,452","29,01,491","11,15,665","1,47,043","5,799","8,99,193","2,22,067","9,16,050","2,05,031"
10-12-2017,95.23,14.65,27.025,36.39,0.0967,32.18,19.8,5.56,37.67,"4,07,828","31,17,313","2,72,481","7,14,047","8,800","6,93,748","2,03,540","11,20,153","93,520"
10-11-2017,94.18,14.78,27.55,36.38,0.0969,31.97,19.57,5.57,37.7629,"4,02,449","50,49,497","3,35,201","1,37,413","12,300","8,22,544","3,83,625","10,12,870","73,249"
10-10-2017,94,14.845,28.05,36.72,0.09,32.28,19.95,5.52,37.52,"8,52,525","35,33,849","7,59,165","3,00,910",260,"8,22,664","2,34,767","7,32,828","2,67,840"
10-09-2017,93.56,14.71,29.1,36.76,0.14,32.41,19.89,5.57,37.515,"5,59,731","18,78,587","4,42,244","1,27,598","81,889","6,62,532","2,20,436","9,82,587","1,68,000"
10-06-2017,93.78,14.665,29.5,36.33,0.0901,32.26,20.05,5.55,37.08,"5,08,204","22,27,930","4,18,134","1,34,389",0,"4,17,772","2,98,236","9,04,736","1,16,405"
10-05-2017,94.21,14.59,29,36.44,0.1,32.5,19.8,5.56,36.87,"6,88,957","24,90,366","4,94,778","1,65,771","14,429","8,94,312","2,48,398","13,40,770","1,03,892"
10-04-2017,94.79,14.585,28.25,36.6999,0.12,32.42,19.72,5.645,36.85,"2,97,026","54,39,623","6,51,318","3,02,920","31,662","6,31,236","2,09,345","18,17,373","2,74,364"
10-03-2017,95.01,14.62,28.6,35.84,0.12,32.11,19.54,5.65,36.81,"5,60,639","79,04,078","8,79,692","2,59,778","7,000","7,15,484","3,50,745","9,94,926","3,50,451"
10-02-2017,96.15,14.71,29.8,36.95,0.12,31.855,19.39,5.68,37.1,"6,64,249","51,18,971","5,55,641","3,40,030","6,200","9,92,599","3,76,276","20,82,147","79,601"
9/29/2017,96.4,14.67,29.15,35.68,0.1,31.44,19.44,5.7,36.84,"5,81,641","60,17,361","3,77,278","3,43,418","51,096","13,57,677","3,64,555","18,74,538","1,53,358"
9/28/2017,95.41,14.31,29.4,35.98,0.09,30.565,19.2,5.67,36.55,"7,16,291","41,95,115","3,50,289","5,15,574",0,"6,65,338","4,16,967","11,80,621","3,80,590"
9/27/2017,93.88,14.36,29.55,35.06,0.165,30.76,19.14,5.62,36.58,"7,48,106","37,98,076","2,30,837","5,67,816","28,225","9,60,226","5,48,873","22,88,089","3,48,454"
9/26/2017,94.88,14.46,29.2,35.975,0.0814,31.47,19.47,5.61,36.725,"4,66,202","44,06,305","5,44,384","3,54,059",0,"9,47,285","10,55,829","14,04,664","1,92,534"
9/25/2017,96.13,14.57,28.9,37.1,0.0814,31.41,19.13,5.67,37.3,"10,38,190","56,72,144","7,52,241","3,59,815",0,"8,72,065","4,25,377","10,97,645","2,24,229"
9/22/2017,97.77,14.6,29.9,37.83,0.09,31.81,19.5,5.71,37.42,"3,67,895","52,17,571","7,67,804","3,71,597","4,156","6,76,017","7,16,287","12,25,076","1,47,449"
9/21/2017,98.43,14.77,30.1,38.27,0.0728,31.84,20.14,5.66,36.73,"4,60,074","78,60,954","16,78,540","8,80,034",979,"9,75,088","2,99,121","10,03,505","1,95,299"
9/20/2017,100.01,14.93,32.45,36.51,0.13,32.24,20.33,5.75,36.45,"5,85,523","59,76,751","21,06,378","4,65,686","15,070","12,67,504","4,22,655","18,12,377","2,76,699"
9/19/2017,100.2,14.86,33.9,34.67,0.118,32.64,20.38,5.78,36.31,"8,45,205","21,19,143","3,11,113","2,38,840","13,900","22,07,818","4,16,720","11,93,710","1,27,123"
9/18/2017,100,14.82,34.5,34.63,0.1,32.01,20.56,5.77,36.075,"4,69,644","39,49,514","2,88,943","3,57,626","58,745","18,28,615","4,70,362","21,24,529","2,62,515"
9/15/2017,99.32,14.74,34.275,34.69,0.09,31.36,20.07,5.81,36.01,"3,77,135","50,60,039","3,51,708","3,52,743","20,390","8,59,895","6,78,943","15,40,533","1,53,938"
9/14/2017,99.28,14.62,34.35,35.31,0.0878,31.47,20.2,5.91,36.46,"3,29,605","36,01,820","2,95,945","1,94,134","38,193","12,48,396","4,61,481","41,24,732","1,41,658"
9/13/2017,100.26,14.54,34.4,34.98,0.0694,30.71,20.73,6,36.47,"4,28,856","29,55,438","2,49,485","2,74,847","4,092","9,66,420","4,39,749","22,01,224","1,50,091"
09-12-2017,100.04,14.6,34.3875,34.42,0.0878,30.76,20.92,5.99,36.47,"6,06,086","44,95,210","2,50,611","2,35,496","39,740","19,24,861","4,97,276","9,36,886","2,57,071"
09-11-2017,99.0099,14.67,33.5,33.9499,0.051,30.02,20.87,6.04,35.79,"3,12,525","70,11,659","1,62,536","1,86,064",200,"17,26,322","4,50,999","11,81,329","2,23,059"
09-08-2017,97.96,14.56,33.05,33.8,0.0889,29.78,20.75,5.99,35.61,"3,36,306","89,62,679","3,73,866","2,80,080","2,910","15,15,592","7,44,059","13,18,599","1,44,399"
09-07-2017,97.16,14.705,34.0231,34.67,0.0549,30.11,20.71,6.04,36.1,"4,23,328","40,00,161","4,47,677","2,40,034",0,"16,72,299","5,03,195","15,13,237","1,79,879"
09-06-2017,96.28,14.685,35.243,34.16,0.0549,30.33,20.15,6.03,35.97,"3,81,873","62,76,280","6,55,783","2,06,917","5,500","7,30,814","3,63,296","15,50,002","3,20,846"
09-05-2017,96.84,14.77,35.3,34.43,0.0549,30.54,20.09,5.96,35.71,"7,73,922","62,70,154","4,30,311","3,60,770",0,"8,82,682","4,37,247","15,86,023","2,22,301"
09-01-2017,97.98,15.08,35.6,35.93,0.0549,30.72,20.12,5.99,35.74,"3,68,727","53,31,908","7,53,325","10,09,853",100,"12,66,412","6,50,995","10,36,445","2,95,303"
8/31/2017,97.77,15.05,34.35,32.21,0.051,29.98,19.68,6.03,35.15,"8,36,068","87,96,015","4,97,415","5,63,776",500,"13,26,062","7,39,866","13,56,533","2,50,954"
8/30/2017,96.395,15.23,33,31.7,0.0899,29.87,19.26,5.95,35.15,"5,72,209","67,64,176","3,73,533","1,25,631","3,012","11,25,660","5,81,224","10,59,176","2,48,099"
8/29/2017,95.82,15.31,33,31.79,0.051,29.72,19,6.005,35.07,"5,08,382","70,67,634","6,11,419","2,73,128",500,"8,21,725","4,61,247","14,37,046","1,97,948"
8/28/2017,96.45,15.45,31.75,31.79,0.051,30.02,19.29,6.045,35.4308,"3,17,472","99,97,922","3,91,101","4,33,995","14,900","9,36,552","9,11,257","12,89,348","99,688"
8/25/2017,96.42,15.175,31.35,31.76,0.051,30.18,19.17,6.05,35.5,"3,89,200","86,48,308","3,02,754","2,96,809",0,"6,71,692","3,68,310","11,44,712","2,65,808"
8/24/2017,96.5,15.04,30.95,32.04,0.0588,30.1789,19.07,6.02,35.47,"2,93,964","75,84,029","8,45,205","6,31,885",800,"8,08,175","6,58,459","7,40,016","1,66,511"
8/23/2017,96.41,14.86,30.65,31.5,0.05,30.08,19.2,6.01,35.418,"3,03,474","1,65,74,570","5,57,535","2,40,106","1,500","15,01,026","9,22,717","6,57,846","3,16,739"
8/22/2017,96.28,14.38,30.65,31.24,0.05,29.44,18.84,6.01,35.34,"4,81,290","1,52,80,900","13,94,722","2,71,697",0,"11,45,722","5,54,794","7,82,135","1,58,384"
8/21/2017,95.73,14.675,31,30.49,0.05,29.39,18.7,6,35.32,"8,06,227","3,07,00,560","2,54,057","3,37,470",100,"14,05,439","2,79,776","10,46,571","1,74,742"
8/18/2017,94.73,15.09,31.05,30.86,0.054,29.61,18.9,6.08,35.49,"4,23,115","3,35,92,340","2,16,974","1,71,222","6,210","20,01,231","2,05,179","13,32,221","1,38,361"
8/17/2017,95.92,16.145,31.05,31.17,0.05,30.1,19.2,6.12,35.8,"4,31,099","90,90,998","4,33,520","2,70,863","4,221","21,53,086","4,03,243","21,14,996","1,76,121"
8/16/2017,96.5099,15.91,31.85,31.04,0.0592,30.29,18.91,6.18,35.41,"6,10,326","77,00,742","3,02,054","2,81,674","4,455","15,26,739","4,60,558","19,31,209","1,40,912"
8/15/2017,95.77,15.52,31.55,30.86,0.07,30.1,18.29,6.16,35.4699,"5,65,074","22,18,274","4,29,267","2,61,491","1,07,365","21,02,911","2,79,616","6,32,709","75,558"
8/14/2017,95.83,15.6,32.25,31.49,0.063,29.87,18.48,6.22,35.19,"5,21,047","19,32,605","8,95,759","4,11,889","5,035","18,29,822","3,80,268","14,28,073","84,353"
08-11-2017,94.62,15.54,29.95,31.61,0.06,29.74,17.83,6.22,35.3,"12,99,719","34,17,108","7,15,871","5,02,009",0,"19,80,257","5,89,192","14,18,119","95,692"
08-10-2017,96.64,15.62,31.6,30.77,0.06,30.4,18.75,6.22,35.33,"6,98,149","49,63,142","15,42,851","8,66,358","3,100","45,15,180","6,63,795","16,08,702","1,29,947"
08-09-2017,97.25,15.6,33.9654,32.5,0.072,32.15,18.84,6.155,35.86,"6,17,583","25,23,530","7,17,977","6,06,393",0,"40,07,023","2,98,882","10,78,506","2,19,827"
08-08-2017,97.43,15.66,34,33.24,0.0756,34.12,18.865,6.21,35.6799,"7,20,412","24,76,228","3,94,368","5,44,976","52,250","23,42,454","3,08,351","11,95,835","2,03,555"
08-07-2017,97.575,15.6,33.95,34.4,0.0756,34.21,18.37,6.245,35.825,"5,94,157","34,03,688","2,70,777","4,97,040",170,"24,92,645","2,85,645","17,28,525","1,85,174"
08-04-2017,98.7486,15.8,33.55,34.96,0.074,34.845,18.3,6.3,36.07,"10,06,680","22,16,819","3,11,317","7,04,387",400,"11,65,650","4,86,172","13,36,152","6,11,448"
08-03-2017,99.03,15.82,33.3,36.48,0.074,34.6,17.84,6.3228,34.98,"4,77,985","56,42,660","2,50,598","4,35,386",0,"12,49,866","2,89,319","6,41,660","1,94,361"
08-02-2017,99.34,15.86,33.1,37.19,0.0764,34.77,17.86,6.38,34.98,"6,08,639","27,25,767","3,96,203","4,04,003","1,250","6,11,563","2,60,978","11,72,369","3,99,629"
08-01-2017,99.77,15.92,33,37.47,0.0764,35,17.78,6.4,35.1,"10,40,708","55,79,682","2,48,315","5,96,879",500,"7,96,796","2,65,329","17,46,235","3,82,111"
7/31/2017,96.91,15.92,33.45,36.84,0.0756,34.94,17.66,6.18,35,"4,04,234","60,38,202","5,61,650","9,12,838","3,698","13,03,198","5,94,659","11,38,895","4,88,085"
7/28/2017,96.98,15.86,33.5,38.25,0.074,34.675,17.45,6.17,35.02,"3,35,182","31,90,182","4,23,362","9,01,325",620,"7,37,318","3,24,608","13,88,986","1,74,583"
7/27/2017,97.2,15.8,35.45,40.84,0.074,34.87,17.72,6.225,35.28,"5,61,561","42,93,028","9,01,661","5,65,724","1,650","11,58,410","3,47,178","14,35,320","1,43,411"
7/26/2017,96.32,15.93,36.15,41.74,0.0756,35.635,17.7,6.2,35.14,"6,87,550","34,19,735","7,64,323","3,23,908","33,750","11,67,493","3,77,263","16,70,575","1,40,485"
7/25/2017,94.86,15.86,34.45,41.85,0.09,35.4,17.62,6.13,34.84,"6,74,952","54,31,476","4,32,440","2,29,232","15,900","9,93,916","4,16,628","14,14,435","1,34,763"
7/24/2017,94.155,15.8,33.1,41.95,0.09,35.82,16.705,6.08,34.51,"7,16,862","45,78,505","2,67,481","4,68,128","3,307","10,89,148","5,03,480","19,42,111","1,42,060"
7/21/2017,91.94,15.7,33.75,42.6,0.0764,35.8,16.81,6.145,34.49,"2,90,021","48,61,448","4,38,682","2,20,501",200,"10,15,811","3,93,508","36,97,328","2,95,473"
7/20/2017,92.16,15.55,34.15,42.4,0.0747,35.765,17.08,5.79,34.79,"5,92,359","49,75,044","5,66,338","3,89,933","2,735","6,06,266","3,61,920","19,60,355","2,83,411"
7/19/2017,91.57,15.57,32.9,42.97,0.073,36.19,17.22,5.47,34.6,"5,30,756","78,23,684","12,26,206","3,74,556","9,330","16,96,841","3,67,332","9,05,863","2,81,078"
7/18/2017,91.07,15.675,31.7,42.03,0.0723,35.3306,16.975,5.5,34.74,"3,36,065","64,85,356","2,56,561","3,44,504",0,"10,86,321","4,66,004","8,63,163","2,96,989"
7/17/2017,91,15.74,31.9,41.9,0.0723,35.6,17,5.52,35.37,"3,43,678","72,56,171","2,75,660","1,55,066","2,300","6,41,075","3,13,353","10,66,330","1,45,909"
7/14/2017,91.12,15.93,32.05,41.96,0.0738,35.43,16.66,5.44,35.17,"6,13,709","1,16,65,890","3,24,605","93,274",201,"8,12,656","3,54,458","11,77,773","1,92,425"
7/13/2017,90.3,15.65,33.625,41.68,0.069,35.405,16.46,5.35,34.59,"3,35,570","1,01,61,790","3,57,467","1,59,529",0,"7,30,997","3,68,017","11,11,840","2,39,406"
07-12-2017,90.13,15.66,33.45,41.94,0.0946,35.69,16.44,5.35,34.93,"4,55,484","1,06,37,400","1,77,833","1,14,330","1,250","12,04,346","2,72,031","8,84,675","1,99,886"
07-11-2017,88.755,15.475,33.25,41.71,0.1039,35.19,16.23,5.29,34.38,"6,57,981","53,72,611","3,68,986","1,45,674",388,"14,01,668","5,05,921","11,64,709","1,48,611"
07-10-2017,88.77,15.55,32.7,42.14,0.1004,34.56,16.39,5.34,34.24,"4,24,833","71,11,910","2,72,155","1,72,252","22,000","16,93,875","4,57,465","21,09,408","1,28,337"
07-07-2017,88.24,15.08,32.55,41.8,0.1039,33.67,15.99,5.21,34.39,"4,37,886","41,34,490","3,40,172","1,45,369","16,200","11,19,424","2,93,730","11,75,266","1,95,097"
07-06-2017,88.25,15.11,32.45,41.27,0.1047,33.68,16.18,5.25,34.105,"6,05,111","53,93,070","1,41,388","1,08,739","12,000","14,29,722","3,30,782","6,14,932","2,03,743"
07-05-2017,88.31,15.09,32.7,41.47,0.069,33.57,16.04,5.23,34.51,"6,18,193","52,88,868","3,25,742","1,29,994",300,"11,58,249","7,33,433","9,48,717","1,29,367"
07-03-2017,88.18,15.23,33.75,41.78,0.08,33.56,15.85,5.25,34.44,"5,63,049","35,42,074","4,41,467","1,51,664",0,"6,09,357","2,36,646","3,60,584","65,422"
6/30/2017,87.23,15.195,33.6,42.15,0.1056,33.51,15.57,5.22,34.67,"9,99,661","91,03,032","2,34,372","1,78,634","22,700","25,64,278","4,49,202","10,58,787","2,29,382"
6/29/2017,88.37,14.9,33.35,41.45,0.1037,33.775,15.595,5.19,34.08,"6,79,402","48,02,527","4,22,097","3,35,278","5,400","13,93,394","4,37,019","9,67,823","2,07,278"
6/28/2017,88.26,15,33.35,41.63,0.106,34.24,15.32,5.14,33.84,"7,65,846","70,64,148","3,99,597","2,39,643","32,950","11,57,334","5,69,620","4,51,534","1,80,437"
6/27/2017,87.735,14.79,33.5,41.44,0.0901,34.21,14.8,5.1,33.8,"8,72,288","74,25,400","8,53,439","2,50,692","4,100","6,98,706","4,20,346","9,35,288","1,36,791"
6/26/2017,88.08,15.02,34.1,41.73,0.11,34.299,14.82,5.14,34.2,"6,73,962","30,39,215","4,70,766","2,14,794","13,700","8,19,971","2,97,864","10,11,243","1,89,240"
6/23/2017,87.94,14.95,33.25,41.61,0.1299,34.42,14.75,5.1,33.59,"11,72,738","41,69,750","3,79,332","1,32,928","21,415","11,50,258","3,71,585","12,80,587","1,43,262"
6/22/2017,88.88,14.96,32.2499,41.69,0.1394,35.12,14.42,5.09,33.53,"11,40,503","69,02,624","2,32,920","3,28,074","22,178","6,07,986","2,08,257","17,03,460","1,31,718"
6/21/2017,89.56,15,32.1,42.15,0.0938,35.47,14.78,4.99,33.1,"15,59,448","30,11,266","2,98,204","2,11,941","5,200","9,02,619","2,85,204","27,82,038","1,09,362"
6/20/2017,89.28,15.01,32,41.74,0.1399,35.94,14.8,4.98,32.99,"4,23,703","45,13,472","5,55,735","2,05,575","16,335","7,42,056","2,49,500","17,77,210","1,66,542"
6/19/2017,89.48,14.845,32.25,41.55,0.0974,35.55,15.04,4.93,33.02,"6,92,984","53,19,304","4,76,891","1,01,087",289,"11,51,107","3,33,291","22,51,432","1,28,099"
6/16/2017,89.26,14.92,30.6,41.69,0.117,35.26,14.61,5,32.83,"16,99,367","87,44,308","5,27,534","4,19,521","2,605","16,83,193","8,62,350","37,27,636","1,63,934"
6/15/2017,89.14,15.15,30.45,41.95,0.15,34.82,14.53,5.055,32.99,"4,56,515","32,71,708","2,79,316","2,08,679","44,505","8,25,326","4,10,311","29,30,122","1,56,963"
6/14/2017,89.84,15.29,31.6,41.62,0.09,35.37,14.735,5.14,33.42,"13,74,684","33,21,949","5,53,173","3,10,555",0,"7,64,516","4,74,684","18,19,672","3,00,849"
6/13/2017,89.42,15.26,30.45,41.05,0.1,35.08,14.77,5.205,32.04,"11,76,713","48,43,968","4,36,393","2,32,618",740,"6,64,631","3,61,159","18,26,558","1,41,121"
06-12-2017,88.775,15.24,30.25,41.13,0.1038,35.31,15.12,5.195,32.17,"6,07,301","47,78,157","4,57,785","1,84,719","3,080","15,49,820","6,32,719","32,98,792","98,765"
06-09-2017,89.23,15.12,31,41.24,0.1,36.2721,15.26,5.375,32.24,"7,34,302","1,26,54,890","7,24,046","3,16,990","20,050","12,56,831","5,91,685","41,48,986","2,35,880"
06-08-2017,89.15,15.35,30.45,41.47,0.099,35.87,14.72,5.42,32.1,"4,76,562","57,69,509","5,72,129","4,00,549","2,090","6,33,097","3,67,118","19,06,576","1,47,758"
06-07-2017,88.96,15.44,31.7,39.76,0.15,35.82,14.62,5.43,32.3,"7,18,647","70,42,950","15,59,065","3,77,502","12,101","6,32,579","4,04,270","64,70,816","1,95,800"
06-06-2017,88.32,15.62,31.6,39.34,0.1,35.91,14.455,5.505,33.15,"3,85,513","80,36,630","4,54,364","2,90,535","25,350","17,48,869","3,19,449","13,06,226","4,29,233"
06-05-2017,87.86,15.29,31.5,39.36,0.0984,37.36,14.48,5.5,33.71,"6,23,403","40,55,039","3,85,377","1,21,729",0,"7,74,788","5,63,420","11,30,264","1,21,644"
06-02-2017,88.34,15.26,32.45,39.77,0.0984,37.38,14.59,5.55,33.76,"4,16,972","48,59,019","7,86,524","1,74,606","1,000","6,69,400","8,34,581","11,74,358","1,18,734"
06-01-2017,88.1325,15.31,32.6,39.49,0.09,37.35,14.63,5.46,33.43,"5,65,385","56,70,982","6,97,981","3,22,989",0,"7,36,546","6,61,519","15,50,592","1,78,058"
5/31/2017,87.85,15.23,32.2,39.3,0.09,36.97,14.91,5.43,33.41,"6,90,292","45,19,208","6,78,918","5,81,506","1,300","8,98,925","5,44,151","18,86,082","1,82,268"
5/30/2017,86.97,15.59,32.0608,38.43,0.09,37.2,15.28,5.435,33.5,"3,29,132","64,51,533","10,29,155","3,80,846","2,000","9,10,011","2,95,270","32,40,652","1,26,259"
5/26/2017,87,15.59,32.025,37.66,0.0926,37.19,15.46,5.445,33.97,"5,83,320","56,97,757","9,14,983","2,09,049","1,200","11,31,427","8,48,471","13,38,002","1,55,865"
5/25/2017,87.19,15.69,32.76,38.16,0.095,36.95,14.72,5.45,33.91,"10,02,910","79,10,819","6,59,343","6,05,311","10,213","17,44,995","6,55,124","14,66,130","1,31,721"
5/24/2017,84.55,15.22,33.8,38.81,0.1083,36.23,14.07,5.32,33.65,"4,79,161","64,02,851","13,87,992","3,27,322","10,327","17,29,253","3,99,593","11,47,310","1,61,469"
5/23/2017,84.84,15.175,35.775,40.19,0.1082,37.62,14.51,5.2975,33.8,"7,07,341","32,67,623","6,63,837","4,06,640",492,"27,24,758","3,88,327","9,13,578","2,15,974"
5/22/2017,84.95,15.17,37.75,40.91,0.1055,35,14.55,5.2325,33.96,"6,83,327","31,18,846","7,05,786","3,02,608","5,412","11,05,443","5,89,922","5,82,100","2,89,103"
5/19/2017,84.89,15.18,40.3124,41.47,0.1206,34.61,14.7,5.225,33.84,"7,31,135","31,07,671","15,65,779","2,80,006",0,"11,14,901","6,02,193","13,02,846","3,07,022"
5/18/2017,84.96,15.09,37.8,41.58,0.1206,34.055,14.52,5.195,33.46,"7,16,443","40,79,358","2,72,974","1,98,493",0,"10,71,703","4,15,574","9,39,144","2,23,211"
5/17/2017,85.92,15.21,38.8,42.54,0.1206,34.9,15.42,5.18,33.14,"6,23,872","84,37,869","2,81,790","1,89,502",0,"12,33,710","7,79,477","16,24,664","2,47,232"
5/16/2017,86.1,15.31,39.1,42.72,0.15,34.2699,15.37,5.24,33.24,"7,27,628","50,20,409","4,70,291","3,00,841","22,560","8,07,847","8,84,681","15,45,376","1,53,766"
5/15/2017,85.34,15.23,39.35,42.54,0.093,33.98,15.56,5.135,33.37,"3,88,869","40,34,545","3,18,563","3,63,469","10,000","12,22,895","7,10,477","7,51,244","3,21,174"
05-12-2017,84.52,15.51,38.075,40.92,0.0967,33.87,15.065,5.09,32.71,"4,43,643","54,19,350","4,23,833","3,36,376",0,"8,56,631","5,12,239","6,25,644","88,104"
05-11-2017,83.81,15.3,38.955,40.7,0.1015,33.51,15.05,5.075,32.87,"8,02,579","1,53,22,820","3,32,432","1,91,764","1,900","11,21,642","8,31,429","11,73,348","1,61,895"
05-10-2017,83.89,14.96,38.8,40.85,0.093,33.51,14.58,5.09,32.97,"5,17,233","44,61,229","5,05,996","3,02,005",0,"9,94,105","10,35,030","13,51,770","1,87,724"
05-09-2017,83.06,15.15,37.65,40.32,0.1015,33.235,14.44,5.11,33.15,"9,52,541","1,07,78,630","9,05,710","1,27,698","12,250","13,01,234","9,01,451","11,92,564","4,04,736"
05-08-2017,82.56,15.15,37.55,40.71,0.0967,32.98,13.98,5.08,32.67,"8,43,229","95,53,845","4,81,865","2,65,591","2,115","17,23,995","4,32,752","12,45,002","2,78,778"
05-05-2017,82.55,14.83,37.55,40.94,0.1015,32.96,14.22,5.01,32.18,"7,04,508","59,77,962","4,70,843","1,15,493","4,451","25,06,319","5,17,050","9,21,912","2,52,144"
05-04-2017,81.8,14.78,37.85,40.93,0.1015,34.13,14.54,5,32.09,"8,65,694","51,18,950","6,47,405","1,94,008",235,"14,56,789","9,54,298","9,44,038","2,07,905"
05-03-2017,81.515,14.73,40.3,40.88,0.0931,34.82,15.18,5.015,32.15,"6,14,701","37,89,919","12,28,221","1,62,532","23,404","8,45,079","6,57,875","9,58,190","2,77,904"
05-02-2017,81.57,14.68,40.9,40.87,0.0931,35.21,15.479,5.015,32.94,"10,75,349","56,25,789","2,45,736","3,82,600","2,500","9,03,319","6,53,254","22,82,204","2,60,758"
05-01-2017,80.35,14.58,40.35,40.93,0.1016,35.74,15.775,4.965,32.11,"7,85,079","22,83,969","2,97,857","2,62,051",320,"10,49,565","11,78,575","10,45,166","1,62,769"
4/28/2017,80.33,14.6,39.1454,40.97,0.1,35.73,15.33,4.94,32.52,"9,30,321","45,11,333","1,02,756","2,18,782",400,"5,16,726","3,49,414","16,36,934","2,02,346"
4/27/2017,81.25,14.6,39.1,40.77,0.1263,35.63,14.71,4.925,32.99,"9,66,181","44,60,495","2,17,820","1,92,496",0,"6,41,380","3,20,014","17,40,352","2,92,145"
4/26/2017,81.69,14.54,38.7,40.89,0.1263,35.365,14.88,4.945,30.86,"16,28,193","54,30,178","1,07,064","2,10,763","64,271","11,39,057","3,53,134","19,58,492","2,36,684"
4/25/2017,80.67,14.58,39.05,41.53,0.104,34.6899,14.94,4.995,30.32,"10,51,584","71,59,350","3,62,958","1,87,297","71,717","24,27,062","5,39,803","26,75,856","1,44,982"
4/24/2017,80.18,14.605,38.6,40.96,0.12,34.32,14.53,4.895,30.4,"11,58,799","73,24,641","3,84,004","2,67,772","12,600","17,70,045","4,71,674","10,02,804","1,02,245"
4/21/2017,79.09,14.48,38.25,40.7,0.105,34.02,14.56,4.915,30.3,"8,20,388","74,52,546","2,99,495","1,89,340","8,200","16,18,282","2,22,044","7,42,168","1,22,397"
4/20/2017,78.69,14.545,38.45,40.79,0.11,34.49,14.73,4.945,30.34,"9,09,003","34,25,617","2,59,861","1,41,851","11,025","17,54,941","3,96,231","11,86,034","1,69,859"
4/19/2017,78.4,14.445,38.695,40.43,0.1101,34.25,14.76,4.93,30.04,"7,44,123","48,62,506","1,87,143","1,96,120",633,"17,89,796","5,13,812","11,61,430","2,09,663"
4/18/2017,78.15,14.49,38.5,40.63,0.11,34.48,14.44,4.885,29.64,"7,11,521","60,69,271","1,22,628","2,28,692",282,"19,17,407","5,24,409","14,29,966","2,15,764"
4/17/2017,77.99,14.57,38.35,41.23,0.1596,34.9,14.79,4.89,29.38,"4,14,816","79,90,334","1,73,884","1,36,944",0,"11,24,153","4,29,378","6,87,848","1,53,936"
4/13/2017,77.425,14.83,38.7,40.91,0.1749,35.08,15.39,4.885,29.32,"6,00,249","1,76,39,410","3,27,797","1,23,547","2,042","12,75,174","4,99,660","17,48,638","1,88,428"
04-12-2017,77.34,15.27,37.45,40.8,0.1797,35.85,16.1,4.945,29.18,"5,72,634","86,91,153","6,96,253","1,67,872","15,650","14,66,912","4,48,355","17,32,744","1,56,673"
04-11-2017,76.92,15.175,36.35,40.71,0.13,36.73,15.94,5.01,29.34,"5,85,448","49,50,086","3,88,360","1,88,549","1,400","13,62,003","3,10,421","13,95,124","4,01,988"
04-10-2017,76.67,15.195,36.6,41.02,0.14,36.64,16.07,5.01,28.435,"7,59,300","86,26,505","3,25,528","1,37,111","1,440","12,56,206","3,13,420","9,44,160","2,64,279"
04-07-2017,76.67,15.335,36.1,41.22,0.122,36.2863,16.95,5.055,28.44,"4,90,247","34,47,713","3,13,128","1,67,585","10,000","10,65,008","3,26,651","12,81,178","1,55,431"
04-06-2017,76.11,15.4,34.55,41.9757,0.155,36.16,16.96,5.09,28.54,"5,44,842","33,58,097","1,51,774","2,11,883","84,700","9,64,230","2,82,108","16,44,202","1,26,181"
04-05-2017,75.95,15.39,34.675,42.4,0.1569,36.18,17.19,5.08,28.79,"6,57,142","43,30,499","3,62,607","4,65,297","1,525","14,43,243","4,07,299","20,59,372","1,33,872"
04-04-2017,76.22,15.51,34.25,41.54,0.1738,35.53,16.98,5.045,28.65,"7,01,884","59,01,448","1,01,022","2,59,630","2,180","8,19,730","2,37,564","9,24,332","2,04,164"
04-03-2017,76.18,15.77,35.35,41.85,0.1799,35.84,17.09,5.1125,29,"13,57,849","73,64,016","1,79,227","2,91,698","4,975","10,50,286","4,05,012","15,39,260","2,83,752"
3/31/2017,75.35,15.92,34.825,40.79,0.1499,35.736,17.34,5.205,28.8,"10,63,449","40,97,996","2,34,681","2,05,388","14,330","13,21,562","6,90,676","20,27,358","2,09,231"
3/30/2017,74.89,15.82,35.05,40.665,0.1415,35.84,17.07,5.17,28.73,"10,28,926","40,36,528","2,98,225","2,82,083","2,011","8,24,227","9,57,745","8,06,232","1,36,250"
3/29/2017,74.335,15.85,35.8,40.48,0.135,36.14,16.94,5.1425,28.78,"4,47,633","40,46,515","2,66,142","1,98,336","2,180","11,53,908","3,73,801","9,17,818","1,34,548"
3/28/2017,74.23,15.79,36.4,40.5,0.135,36.6,16.68,5.17,28.885,"3,89,242","44,90,728","3,39,648","2,65,489","1,710","9,11,669","5,52,415","7,80,996","2,15,348"
3/27/2017,74.94,15.76,36.45,40.37,0.1454,36.15,16.19,5.11,29.005,"13,53,137","35,91,441","2,79,154","2,20,273",0,"9,09,923","4,43,403","7,77,024","2,83,836"
3/24/2017,72.99,15.78,36.95,39.99,0.1454,35.86,16.34,5.12,29.11,"7,00,335","40,37,254","3,52,083","2,13,224",0,"14,32,370","4,40,971","4,83,740","2,42,305"
3/23/2017,73.59,15.85,37.35,39.96,0.1454,36.33,16.64,5.115,28.85,"11,37,328","4,755,99","4,81,469","4,20,389",150,"19,28,514","5,91,536","9,17,272","3,55,690"
